/*
 Navicat MySQL Data Transfer

 Source Server         : localhost
 Source Server Version : 50553
 Source Host           : localhost
 Source Database       : cyschool

 Target Server Version : 50553
 File Encoding         : utf-8

 Date: 12/01/2016 09:42:29 AM
*/

SET NAMES utf8;
SET FOREIGN_KEY_CHECKS = 0;

-- ----------------------------
--  Table structure for `admin`
-- ----------------------------
DROP TABLE IF EXISTS `admin`;
CREATE TABLE `admin` (
  `a_id` int(10) NOT NULL AUTO_INCREMENT,
  `a_name` varchar(20) NOT NULL,
  `a_phone` varchar(20) NOT NULL,
  `a_grade` int(11) DEFAULT NULL,
  `a_pass` varchar(50) NOT NULL,
  PRIMARY KEY (`a_id`)
) ENGINE=InnoDB DEFAULT CHARSET=utf8;

-- ----------------------------
--  Table structure for `category`
-- ----------------------------
DROP TABLE IF EXISTS `category`;
CREATE TABLE `category` (
  `c_id` int(10) NOT NULL AUTO_INCREMENT,
  `c_content` varchar(50) NOT NULL,
  `c_number` int(1) DEFAULT NULL,
  PRIMARY KEY (`c_id`)
) ENGINE=InnoDB AUTO_INCREMENT=20 DEFAULT CHARSET=utf8;

-- ----------------------------
--  Records of `category`
-- ----------------------------
BEGIN;
INSERT INTO `category` VALUES ('1', '通知公告', null), ('2', '首页轮播图', null), ('3', '学校要闻', null), ('4', '视频展示', null), ('5', '毕业风采', null), ('6', '校内图册', null), ('7', '校长致辞', null), ('8', '现任领导', null), ('9', '学校简介', null), ('10', '行政机构', null), ('11', '教辅机构', null), ('12', '直属及其他', null), ('13', '师资服务', null), ('14', '特色专业', null), ('15', '精品课程', null), ('16', '学科建设', null), ('17', '社会服务', null), ('18', '交流合作', null), ('19', '招就招聘', null);
COMMIT;

-- ----------------------------
--  Table structure for `image`
-- ----------------------------
DROP TABLE IF EXISTS `image`;
CREATE TABLE `image` (
  `id` int(10) NOT NULL AUTO_INCREMENT,
  `i_link` longtext NOT NULL,
  `i_des` varchar(100) NOT NULL,
  `i_head` varchar(5) DEFAULT NULL,
  `i_click` int(10) DEFAULT '0',
  `i_position` int(10) DEFAULT NULL,
  PRIMARY KEY (`id`)
) ENGINE=InnoDB AUTO_INCREMENT=9 DEFAULT CHARSET=utf8;

-- ----------------------------
--  Records of `image`
-- ----------------------------
BEGIN;
INSERT INTO `image` VALUES ('2', '/Users/gaohailong/Documents/workspace/idea_worksapce/CUSchool/target/cyschool/upload/gallery', 'test', null, null, null), ('4', '/Users/gaohailong/Documents/workspace/idea_worksapce/CUSchool/target/cyschool/upload/gallery', '测试上传图片', null, null, null), ('5', '/Users/gaohailong/Documents/workspace/idea_worksapce/CUSchool/target/cyschool/upload/gallery', '测试相册，不管你信不信，我是信了', null, null, null), ('8', '/upload/gallery/ae42f2b1-8642-4e94-9c4c-ae16b36db36813b9f0583df5bb99446d7ab919bf63ac.png', 'tste', null, null, null);
COMMIT;

-- ----------------------------
--  Table structure for `sort`
-- ----------------------------
DROP TABLE IF EXISTS `sort`;
CREATE TABLE `sort` (
  `id` int(10) NOT NULL AUTO_INCREMENT,
  `s_grade` int(10) NOT NULL,
  PRIMARY KEY (`id`)
) ENGINE=InnoDB DEFAULT CHARSET=utf8;

-- ----------------------------
--  Table structure for `title`
-- ----------------------------
DROP TABLE IF EXISTS `title`;
CREATE TABLE `title` (
  `id` int(10) NOT NULL AUTO_INCREMENT,
  `t_name` varchar(150) NOT NULL,
  `t_content` longtext NOT NULL,
  `t_read` int(10) DEFAULT '0',
  `t_date` date NOT NULL,
  `t_category` int(10) NOT NULL,
  `t_like` int(10) DEFAULT '0',
  `t_sort` int(10) DEFAULT NULL,
  `t_image` varchar(100) DEFAULT NULL,
  `t_short_des` varchar(100) DEFAULT NULL,
  PRIMARY KEY (`id`),
  KEY `t_category` (`t_category`),
  CONSTRAINT `tc_key` FOREIGN KEY (`t_category`) REFERENCES `category` (`c_id`)
) ENGINE=InnoDB AUTO_INCREMENT=96 DEFAULT CHARSET=utf8;

-- ----------------------------
--  Records of `title`
-- ----------------------------
BEGIN;
INSERT INTO `title` VALUES ('10', 'ddd', '<p>ad</p>', '0', '2016-11-20', '1', null, null, null, null), ('12', '学', '<p>要<img src=\"/upload/upload_image/20161122/1479784587281023805.jpg\" title=\"1479784587281023805.jpg\" alt=\"3.jpg\"/></p>', '0', '2016-11-21', '3', null, null, null, null), ('14', 'test', '<p>test</p>', '0', '2016-11-21', '1', null, null, null, null), ('15', '要=', '<p>特</p>', '0', '2016-11-21', '3', null, null, null, null), ('16', 'yaa', '<p>tet</p>', '0', '2016-11-21', '3', null, null, null, null), ('17', '毕业风采', '<p>毕业</p>', '0', '2016-11-21', '1', null, null, null, null), ('20', '测试毕', '<p>测试毕业</p>', '0', '2016-11-21', '5', null, null, null, null), ('21', '学校要文', '<p>要文</p>', '0', '2016-11-21', '3', null, null, null, null), ('22', '文章', '<p>这个文章有图片</p><p><img src=\"/upload/upload_image/20161122/1479781332297017439.jpg\" title=\"1479781332297017439.jpg\" alt=\"1.jpg\"/></p><p>测试图片二</p><p><img src=\"/upload/upload_image/20161122/1479781384998083833.jpg\" title=\"1479781384998083833.jpg\" alt=\"5.jpg\"/></p><p>测试图片三</p><p><img src=\"/upload/upload_image/20161122/1479781404549010699.jpg\" title=\"1479781404549010699.jpg\" alt=\"4.jpg\"/></p>', '0', '2016-11-22', '1', null, null, null, null), ('23', '文章二', '<p>测试图片11</p><p><img src=\"/upload/upload_image/20161122/1479781954002025297.jpg\" title=\"1479781954002025297.jpg\" alt=\"5.jpg\"/></p>', '0', '2016-11-22', '1', null, null, null, null), ('24', '轮播', '<p>轮播</p>', '0', '2016-11-22', '3', null, null, null, null), ('25', '轮播2', '<p>轮播2</p>', '0', '2016-11-22', '3', null, null, null, null), ('27', '轮播图', '<p>轮播图<img src=\"http://img.baidu.com/hi/jx2/j_0016.gif\"/><img src=\"http://img.baidu.com/hi/jx2/j_0064.gif\"/><img src=\"/upload/upload_image/20161122/1479821335610083864.jpg\" title=\"1479821335610083864.jpg\" alt=\"3.jpg\"/></p>', '0', '2016-11-22', '2', null, null, null, null), ('28', '首页轮播图1', '<p>test<img src=\"/upload/upload_image/20161129/1480405054024095040.jpg\" title=\"1480405054024095040.jpg\" alt=\"1.jpg\"/></p>', '0', '2016-11-22', '2', null, null, 'http://localhost:8080/upload/upload_image/20161129/1480405054024095040.jpg', null), ('29', '测试图片顺序', '<p>测试图片链接<img src=\"/upload/upload_image/20161122/1479821444938032382.jpg\" title=\"1479821444938032382.jpg\" alt=\"4.jpg\"/><img src=\"/upload/upload_image/20161122/1479821457857021385.jpg\" title=\"1479821457857021385.jpg\" alt=\"5.jpg\"/></p>', '0', '2016-11-22', '5', null, null, 'http://localhost:8080/upload/upload_image/20161122/1479821457857021385.jpg', null), ('32', '图片顺序没有后面的了', '<p>图片</p><p><img src=\"/upload/upload_image/20161122/1479822407737087244.jpg\" title=\"1479822407737087244.jpg\"/></p><p><img src=\"/upload/upload_image/20161122/1479822407736058096.jpg\" title=\"1479822407736058096.jpg\"/></p><p><br/></p>', '0', '2016-11-22', '5', null, null, 'http://localhost:8080/upload/upload_image/20161122/1479822407737087244.jpg', null), ('36', '轮播图测试多次', '<p>轮播图测试多次<img src=\"/upload/upload_image/20161129/1480405079812003357.jpg\" title=\"1480405079812003357.jpg\" alt=\"4.jpg\"/></p>', '0', '2016-11-23', '2', null, null, 'http://localhost:8080/upload/upload_image/20161129/1480405079812003357.jpg', null), ('37', '测试轮播12', '<p>测试轮播12<img src=\"/upload/upload_image/20161129/1480405119504095697.jpg\" title=\"1480405119504095697.jpg\" alt=\"1.jpg\"/></p>', '0', '2016-11-23', '2', null, null, 'http://localhost:8080/upload/upload_image/20161129/1480405119504095697.jpg', null), ('38', '测试文章那过', '<p>测试文章那过</p>', '0', '2016-11-23', '3', null, null, null, null), ('39', '测试轮播图13', '<p>测试轮播图13</p>', '0', '2016-11-23', '3', null, null, null, null), ('40', '测试师资服', '<p>测试</p>', '0', '2016-11-23', '13', null, null, null, null), ('42', '轮播图', '<p><img src=\"/upload/upload_image/20161129/1480405153460000808.jpg\" title=\"1480405153460000808.jpg\" alt=\"5.jpg\"/>轮播图</p>', '0', '2016-11-23', '2', null, null, 'http://localhost:8080/upload/upload_image/20161129/1480405153460000808.jpg', null), ('50', '现任领导现任领', '<p>现任领导现任领导</p>', '0', '2016-11-27', '8', null, null, null, null), ('52', 'test特色专业', '<p>test特色专业</p>', '0', '2016-11-27', '14', null, null, null, null), ('54', '精品课程成功', '<p>精品课程成功</p>', '0', '2016-11-27', '15', null, null, null, null), ('66', 'test特色文章', '<p>test特色文章</p>', '0', '2016-11-28', '14', null, null, null, null), ('67', 'test行政机构', '<p>test行政机构</p>', '0', '2016-11-28', '8', null, null, null, null), ('69', '测试组织姐哦股', '<p>测试组织姐哦股</p>', '0', '2016-11-28', '10', null, null, null, null), ('70', 'test教辅机构', '<p>test教辅机构</p>', '0', '2016-11-28', '13', null, null, null, null), ('71', 'test问题', '<p>test问题</p>', '0', '2016-11-28', '13', null, null, null, null), ('73', 'test教辅机构', '<p>test教辅机构</p>', '0', '2016-11-28', '11', null, null, null, null), ('75', '测试直属及其他1', '<p>测试直属及其他1</p>', '0', '2016-11-28', '12', null, null, null, null), ('76', '测试毕业风采', '<p>测试毕业风采</p>', '0', '2016-11-29', '5', null, null, null, null), ('77', '信轮播', '<p>信轮播<img src=\"/upload/upload_image/20161129/1480404920733016960.jpg\" title=\"1480404920733016960.jpg\" alt=\"2.jpg\"/></p>', '0', '2016-11-29', '2', null, null, 'http://localhost:8080/upload/upload_image/20161129/1480404920733016960.jpg', null), ('80', '山西农业大学开展第三个“国家宪法日”活动的通知', '<p style=\"margin-top: 0px; margin-bottom: 6px; padding: 0px; line-height: 2; font-size: 14px; color: rgb(51, 51, 51); font-family: 宋体; white-space: normal; background-color: rgb(255, 255, 255);\">全校各单位：</p><p style=\"margin-top: 0px; margin-bottom: 6px; padding: 0px; line-height: 2; font-size: 14px; color: rgb(51, 51, 51); font-family: 宋体; white-space: normal; background-color: rgb(255, 255, 255); text-indent: 2em;\">2016年12月4日是第三个“国家宪法日”，也是第三个全国教育系统“宪法学习日”。根据省教育厅通知要求，现将我校开展第三个“国家宪法日”的活动安排如下，请认真组织落实。</p><p style=\"margin-top: 0px; margin-bottom: 6px; padding: 0px; line-height: 2; font-size: 14px; color: rgb(51, 51, 51); font-family: 宋体; white-space: normal; background-color: rgb(255, 255, 255); text-indent: 2em;\">一、组织《宪法》学习活动</p><p style=\"margin-top: 0px; margin-bottom: 6px; padding: 0px; line-height: 2; font-size: 14px; color: rgb(51, 51, 51); font-family: 宋体; white-space: normal; background-color: rgb(255, 255, 255); text-indent: 2em;\">（一）组织一次《宪法》条文集体诵读活动</p><p style=\"margin-top: 0px; margin-bottom: 6px; padding: 0px; line-height: 2; font-size: 14px; color: rgb(51, 51, 51); font-family: 宋体; white-space: normal; background-color: rgb(255, 255, 255); text-indent: 2em;\">1.诵读内容：见附件1。</p><p style=\"margin-top: 0px; margin-bottom: 6px; padding: 0px; line-height: 2; font-size: 14px; color: rgb(51, 51, 51); font-family: 宋体; white-space: normal; background-color: rgb(255, 255, 255); text-indent: 2em;\">2.学生诵读活动，各教学学院（部）负责落实安排。</p><p style=\"margin-top: 0px; margin-bottom: 6px; padding: 0px; line-height: 2; font-size: 14px; color: rgb(51, 51, 51); font-family: 宋体; white-space: normal; background-color: rgb(255, 255, 255); text-indent: 2em;\">12月5日上午第一节有课的学生班，由任课教师组织集体诵读活动。</p><p style=\"margin-top: 0px; margin-bottom: 6px; padding: 0px; line-height: 2; font-size: 14px; color: rgb(51, 51, 51); font-family: 宋体; white-space: normal; background-color: rgb(255, 255, 255); text-indent: 2em;\">12月5日上午第一节没有课的学生班，各教学学院（部）以主题班会形式，可与《宪法课堂》活动一并组织，于12月9日前完成诵读活动。</p><p style=\"margin-top: 0px; margin-bottom: 6px; padding: 0px; line-height: 2; font-size: 14px; color: rgb(51, 51, 51); font-family: 宋体; white-space: normal; background-color: rgb(255, 255, 255); text-indent: 2em;\">3.教职工诵读活动，由各基层党组织安排，可与《宪法课堂》活动一并组织，于12月9日前完成。</p><p style=\"margin-top: 0px; margin-bottom: 6px; padding: 0px; line-height: 2; font-size: 14px; color: rgb(51, 51, 51); font-family: 宋体; white-space: normal; background-color: rgb(255, 255, 255); text-indent: 2em;\">4.附属学校于12月5日上午组织全校师生升国旗仪式和《宪法》条文集体诵读活动。</p><p style=\"margin-top: 0px; margin-bottom: 6px; padding: 0px; line-height: 2; font-size: 14px; color: rgb(51, 51, 51); font-family: 宋体; white-space: normal; background-color: rgb(255, 255, 255); text-indent: 2em;\">（二）组织一次《宪法课堂》活动</p><p style=\"margin-top: 0px; margin-bottom: 6px; padding: 0px; line-height: 2; font-size: 14px; color: rgb(51, 51, 51); font-family: 宋体; white-space: normal; background-color: rgb(255, 255, 255); text-indent: 2em;\">1.课程内容：</p><p style=\"margin-top: 0px; margin-bottom: 6px; padding: 0px; line-height: 2; font-size: 14px; color: rgb(51, 51, 51); font-family: 宋体; white-space: normal; background-color: rgb(255, 255, 255); text-indent: 2em;\">课程一：《韩大元：说说现行宪法》</p><p style=\"margin-top: 0px; margin-bottom: 6px; padding: 0px; line-height: 2; font-size: 14px; color: rgb(51, 51, 51); font-family: 宋体; white-space: normal; background-color: rgb(255, 255, 255); text-indent: 2em;\">课程二：《韩大元：如何学好、用好和捍卫宪法，做一个合格的公民》</p><p style=\"margin-top: 0px; margin-bottom: 6px; padding: 0px; line-height: 2; font-size: 14px; color: rgb(51, 51, 51); font-family: 宋体; white-space: normal; background-color: rgb(255, 255, 255); text-indent: 2em;\">课程三：《莫纪宏：为什么说宪法是根本法？》</p><p style=\"margin-top: 0px; margin-bottom: 6px; padding: 0px; line-height: 2; font-size: 14px; color: rgb(51, 51, 51); font-family: 宋体; white-space: normal; background-color: rgb(255, 255, 255); text-indent: 2em;\">课程四：《莫纪宏：什么是宪法？》</p><p style=\"margin-top: 0px; margin-bottom: 6px; padding: 0px; line-height: 2; font-size: 14px; color: rgb(51, 51, 51); font-family: 宋体; white-space: normal; background-color: rgb(255, 255, 255); text-indent: 2em;\">以上每节课都不超过20分钟，视频网址如下，各单位可根据实际情况，选择1—2讲，组织师生观看。</p><p style=\"margin-top: 0px; margin-bottom: 6px; padding: 0px; line-height: 2; font-size: 14px; color: rgb(51, 51, 51); font-family: 宋体; white-space: normal; background-color: rgb(255, 255, 255); text-indent: 2em;\">视频网址：</p><p style=\"margin-top: 0px; margin-bottom: 6px; padding: 0px; line-height: 2; font-size: 14px; color: rgb(51, 51, 51); font-family: 宋体; white-space: normal; background-color: rgb(255, 255, 255); text-indent: 2em;\"><a href=\"https://www.qspfw.edu.cn/html/lecture/index.html\" style=\"margin: 0px; padding: 0px; color: rgb(68, 68, 68); text-decoration: none;\">https://www.qspfw.edu.cn/html/lecture/index.html</a></p><p style=\"margin-top: 0px; margin-bottom: 6px; padding: 0px; line-height: 2; font-size: 14px; color: rgb(51, 51, 51); font-family: 宋体; white-space: normal; background-color: rgb(255, 255, 255); text-indent: 2em;\">2.完成时间：12月9日前。</p><p style=\"margin-top: 0px; margin-bottom: 6px; padding: 0px; line-height: 2; font-size: 14px; color: rgb(51, 51, 51); font-family: 宋体; white-space: normal; background-color: rgb(255, 255, 255); text-indent: 2em;\">3.教学学院（部），由各基层党委（党总支、直属党支部）统筹安排，组织师生集体观看学习。</p><p style=\"margin-top: 0px; margin-bottom: 6px; padding: 0px; line-height: 2; font-size: 14px; color: rgb(51, 51, 51); font-family: 宋体; white-space: normal; background-color: rgb(255, 255, 255); text-indent: 2em;\">4.机关党委、后勤党委、图书馆、离退休人员工作处、附属学校，可安排以处（科、室、中心）为单位，组织教职工集体学习，并进行检查考核。</p><p style=\"margin-top: 0px; margin-bottom: 6px; padding: 0px; line-height: 2; font-size: 14px; color: rgb(51, 51, 51); font-family: 宋体; white-space: normal; background-color: rgb(255, 255, 255); text-indent: 2em;\">二、组织“国家宪法日”宣传活动</p><p style=\"margin-top: 0px; margin-bottom: 6px; padding: 0px; line-height: 2; font-size: 14px; color: rgb(51, 51, 51); font-family: 宋体; white-space: normal; background-color: rgb(255, 255, 255); text-indent: 2em;\">1.党委宣传部要统筹广播、新媒体、电子屏等学校宣传媒体，开展第三个“国家宪法日”宣传活动，并及时宣传全校各单位开展活动的情况，着力营造浓厚的宣传氛围。</p><p style=\"margin-top: 0px; margin-bottom: 6px; padding: 0px; line-height: 2; font-size: 14px; color: rgb(51, 51, 51); font-family: 宋体; white-space: normal; background-color: rgb(255, 255, 255); text-indent: 2em;\">全校各单位要将组织开展第三个“国家宪法日”活动的情况、效果，及时以宣传稿的形式报党委宣传部。</p><p style=\"margin-top: 0px; margin-bottom: 6px; padding: 0px; line-height: 2; font-size: 14px; color: rgb(51, 51, 51); font-family: 宋体; white-space: normal; background-color: rgb(255, 255, 255); text-indent: 2em;\">2.后勤管理处和有电子宣传屏的教学学院，请于12月2—9日，在所属电子屏开展“国家宪法日”宣传活动。</p><p style=\"margin-top: 0px; margin-bottom: 6px; padding: 0px; line-height: 2; font-size: 14px; color: rgb(51, 51, 51); font-family: 宋体; white-space: normal; background-color: rgb(255, 255, 255); text-indent: 2em;\">（宣传标语内容，见附件2）</p><p style=\"margin-top: 0px; margin-bottom: 6px; padding: 0px; line-height: 2; font-size: 14px; color: rgb(51, 51, 51); font-family: 宋体; white-space: normal; background-color: rgb(255, 255, 255); text-indent: 2em;\">3.公共管理学院要充分发挥专业和人才优势，制定方案，开展“国家宪法日”系列宣传活动。</p><p style=\"margin-top: 0px; margin-bottom: 6px; padding: 0px; line-height: 2; font-size: 14px; color: rgb(51, 51, 51); font-family: 宋体; white-space: normal; background-color: rgb(255, 255, 255); text-indent: 2em;\">三、组织要求</p><p style=\"margin-top: 0px; margin-bottom: 6px; padding: 0px; line-height: 2; font-size: 14px; color: rgb(51, 51, 51); font-family: 宋体; white-space: normal; background-color: rgb(255, 255, 255); text-indent: 2em;\">（一）提高认识，抓好落实，以组织执行力，强化师生的法治思维和依法治校意识，培养师生自觉遵法守法习惯</p><p style=\"margin-top: 0px; margin-bottom: 6px; padding: 0px; line-height: 2; font-size: 14px; color: rgb(51, 51, 51); font-family: 宋体; white-space: normal; background-color: rgb(255, 255, 255); text-indent: 2em;\">开展“国家宪法日”活动，强化《宪法》的学习宣传，重在培育师生的系统思维、法治思维、底线思维，是创建文明和谐校园的基础性工程，对于推动每个单位的改革发展、促进每个人的自我完善都有非常重要的作用。</p><p style=\"margin-top: 0px; margin-bottom: 6px; padding: 0px; line-height: 2; font-size: 14px; color: rgb(51, 51, 51); font-family: 宋体; white-space: normal; background-color: rgb(255, 255, 255); text-indent: 2em;\">全校各单位都要通过认真组织开展活动，大力弘扬“宪法精神”，传播法治文明，以集中学习宣传活动，推动各单位不断完善工作体系架构，结合生活实例，深化师生依法维权、依法做事的意识，共同营造和谐有序的文明校园氛围。</p><p style=\"margin-top: 0px; margin-bottom: 6px; padding: 0px; line-height: 2; font-size: 14px; color: rgb(51, 51, 51); font-family: 宋体; white-space: normal; background-color: rgb(255, 255, 255); text-indent: 2em;\">分别以处（室、科、中心）、学生班为单位安排活动的，各基层党组织要组织必要的检查和考核。</p><p style=\"margin-top: 0px; margin-bottom: 6px; padding: 0px; line-height: 2; font-size: 14px; color: rgb(51, 51, 51); font-family: 宋体; white-space: normal; background-color: rgb(255, 255, 255); text-indent: 2em;\">2017年又是新的一次文明单位创建申报年，各基层党组织要注意做好“国家宪法日”活动的记录备查工作。</p><p style=\"margin-top: 0px; margin-bottom: 6px; padding: 0px; line-height: 2; font-size: 14px; color: rgb(51, 51, 51); font-family: 宋体; white-space: normal; background-color: rgb(255, 255, 255); text-indent: 2em;\">（二）全员参与，以党员、干部、教师的典型示范，增强活动的宣传教育实效</p><p style=\"margin-top: 0px; margin-bottom: 6px; padding: 0px; line-height: 2; font-size: 14px; color: rgb(51, 51, 51); font-family: 宋体; white-space: normal; background-color: rgb(255, 255, 255); text-indent: 2em;\">和谐有序校园构建，需要师生全员参与。各单位要注重宪法学习宣传活动的普及性和覆盖面，精心组织，统筹安排，确保学习宣传任务落到实处，取得实效。</p><p style=\"margin-top: 0px; margin-bottom: 6px; padding: 0px; line-height: 2; font-size: 14px; color: rgb(51, 51, 51); font-family: 宋体; white-space: normal; background-color: rgb(255, 255, 255); text-indent: 2em;\">普法、示范，是党员、干部、教师应尽的职责，要以更强的意识和更主动的行动，完成好宪法宣传教育责任，以庄重、严谨的示范，影响带动师生遵守宪法和法律。全校师生都要积极行动起来，争做学法、守法的模范。</p><p><br/></p>', '0', '2016-11-30', '1', null, null, null, null), ('81', '关于举办学习党的十八届六中全会和省第十一次党代会精神培训班的通知', '<p style=\"margin-top: 0px; margin-bottom: 6px; padding: 0px; line-height: 2; font-size: 14px; color: rgb(51, 51, 51); font-family: 宋体; white-space: normal; background-color: rgb(255, 255, 255);\">各基层党委、党总支、直属党支部：</p><p style=\"margin-top: 0px; margin-bottom: 6px; padding: 0px; line-height: 2; font-size: 14px; color: rgb(51, 51, 51); font-family: 宋体; white-space: normal; background-color: rgb(255, 255, 255); text-indent: 2em;\">根据校党委《关于学习贯彻党的十八届六中全会和山西省第十一次党代会精神的通知》安排，现将举办“学习党的十八届六中全会和省第十一次党代会精神培训班”的有关事宜通知如下，请按要求组织所属人员按时参加培训。</p><p style=\"margin-top: 0px; margin-bottom: 6px; padding: 0px; line-height: 2; font-size: 14px; color: rgb(51, 51, 51); font-family: 宋体; white-space: normal; background-color: rgb(255, 255, 255); text-indent: 2em;\">一、培训时间：</p><p style=\"margin-top: 0px; margin-bottom: 6px; padding: 0px; line-height: 2; font-size: 14px; color: rgb(51, 51, 51); font-family: 宋体; white-space: normal; background-color: rgb(255, 255, 255); text-indent: 2em;\">2016年11月29日—12月1日每天下午2:30开始。</p><p style=\"margin-top: 0px; margin-bottom: 6px; padding: 0px; line-height: 2; font-size: 14px; color: rgb(51, 51, 51); font-family: 宋体; white-space: normal; background-color: rgb(255, 255, 255); text-indent: 2em;\">二、培训地点：</p><p style=\"margin-top: 0px; margin-bottom: 6px; padding: 0px; line-height: 2; font-size: 14px; color: rgb(51, 51, 51); font-family: 宋体; white-space: normal; background-color: rgb(255, 255, 255); text-indent: 2em;\">图书馆学术报告厅。</p><p style=\"margin-top: 0px; margin-bottom: 6px; padding: 0px; line-height: 2; font-size: 14px; color: rgb(51, 51, 51); font-family: 宋体; white-space: normal; background-color: rgb(255, 255, 255); text-indent: 2em;\">三、培训对象：</p><p style=\"margin-top: 0px; margin-bottom: 6px; padding: 0px; line-height: 2; font-size: 14px; color: rgb(51, 51, 51); font-family: 宋体; white-space: normal; background-color: rgb(255, 255, 255); text-indent: 2em;\">全校副科（包括副科）以上干部、政治辅导员、马克思主义学院教师。</p><p style=\"margin-top: 0px; margin-bottom: 6px; padding: 0px; line-height: 2; font-size: 14px; color: rgb(51, 51, 51); font-family: 宋体; white-space: normal; background-color: rgb(255, 255, 255); text-indent: 2em;\">四、培训形式及内容：</p><p style=\"margin-top: 0px; margin-bottom: 6px; padding: 0px; line-height: 2; font-size: 14px; color: rgb(51, 51, 51); font-family: 宋体; white-space: normal; background-color: rgb(255, 255, 255); text-indent: 2em;\"><strong style=\"margin: 0px; padding: 0px;\">1.</strong><strong style=\"margin: 0px; padding: 0px;\">视频报告：</strong></p><p style=\"margin-top: 0px; margin-bottom: 6px; padding: 0px; line-height: 2; font-size: 14px; color: rgb(51, 51, 51); font-family: 宋体; white-space: normal; background-color: rgb(255, 255, 255); text-indent: 2em;\">题目：谱写全面从严治党新篇章（时长：71’）</p><p style=\"margin-top: 0px; margin-bottom: 6px; padding: 0px; line-height: 2; font-size: 14px; color: rgb(51, 51, 51); font-family: 宋体; white-space: normal; background-color: rgb(255, 255, 255); text-indent: 2em;\">报告人：<a href=\"http://www.71.cn/\" target=\"http://www.71.cn/2016/1111/_blank\" style=\"margin: 0px; padding: 0px; color: rgb(68, 68, 68); text-decoration: none;\"></a>唐爱军（中央党校马克思主义学院哲学博士）</p><p style=\"margin-top: 0px; margin-bottom: 6px; padding: 0px; line-height: 2; font-size: 14px; color: rgb(51, 51, 51); font-family: 宋体; white-space: normal; background-color: rgb(255, 255, 255); text-indent: 2em;\"><strong style=\"margin: 0px; padding: 0px;\">2.</strong><strong style=\"margin: 0px; padding: 0px;\">视频报告：</strong></p><p style=\"margin-top: 0px; margin-bottom: 6px; padding: 0px; line-height: 2; font-size: 14px; color: rgb(51, 51, 51); font-family: 宋体; white-space: normal; background-color: rgb(255, 255, 255); text-indent: 2em;\">题目：《中国共产党党内监督条例》解读（时长：100’）</p><p style=\"margin-top: 0px; margin-bottom: 6px; padding: 0px; line-height: 2; font-size: 14px; color: rgb(51, 51, 51); font-family: 宋体; white-space: normal; background-color: rgb(255, 255, 255); text-indent: 2em;\">报告人：刘春（中共中央党校教授、博士生导师）</p><p style=\"margin-top: 0px; margin-bottom: 6px; padding: 0px; line-height: 2; font-size: 14px; color: rgb(51, 51, 51); font-family: 宋体; white-space: normal; background-color: rgb(255, 255, 255); text-indent: 2em;\"><strong style=\"margin: 0px; padding: 0px;\">3.</strong><strong style=\"margin: 0px; padding: 0px;\">现场报告：</strong></p><p style=\"margin-top: 0px; margin-bottom: 6px; padding: 0px; line-height: 2; font-size: 14px; color: rgb(51, 51, 51); font-family: 宋体; white-space: normal; background-color: rgb(255, 255, 255); text-indent: 2em;\">题目：贯彻省第十一次党代会精神，促进山西深化改革与转型发展</p><p style=\"margin-top: 0px; margin-bottom: 6px; padding: 0px; line-height: 2; font-size: 14px; color: rgb(51, 51, 51); font-family: 宋体; white-space: normal; background-color: rgb(255, 255, 255); text-indent: 2em;\">报告人：郑延涛（省委党校省情研究所所长、教授）</p><p style=\"margin-top: 0px; margin-bottom: 6px; padding: 0px; line-height: 2; font-size: 14px; color: rgb(51, 51, 51); font-family: 宋体; white-space: normal; background-color: rgb(255, 255, 255); text-indent: 2em;\">五、培训要求：</p><p style=\"margin-top: 0px; margin-bottom: 6px; padding: 0px; line-height: 2; font-size: 14px; color: rgb(51, 51, 51); font-family: 宋体; white-space: normal; background-color: rgb(255, 255, 255); text-indent: 2em;\">1.培训期间严格考勤制度。个人因事不能参加，要按学校有关制度例行请假手续。</p><p style=\"margin-top: 0px; margin-bottom: 6px; padding: 0px; line-height: 2; font-size: 14px; color: rgb(51, 51, 51); font-family: 宋体; white-space: normal; background-color: rgb(255, 255, 255); text-indent: 2em;\">缺课人员要由各基层党委（党总支、直属党支部）组织集中补课。各基层党委（党总支、直属党支部），请于12月1日下午将缺课人员名单和其缺课内容统一向党委宣传部报备，并于12月11日前完成补课工作。补课结束，党委宣传部抽查补课会议记录和补课人学习笔记。</p><p style=\"margin-top: 0px; margin-bottom: 6px; padding: 0px; line-height: 2; font-size: 14px; color: rgb(51, 51, 51); font-family: 宋体; white-space: normal; background-color: rgb(255, 255, 255); text-indent: 2em;\">2.组织一次专题研讨。培训结束后，各基层党委（党总支、直属党支部）要结合本单位党建工作和事业发展的实际，组织一次中心组学习专题研讨会，并于12月31日前，将研讨形成的共识，连同各基层党组织本次组织学习情况，一并报党委办公室。</p><p style=\"margin-top: 0px; margin-bottom: 6px; padding: 0px; line-height: 2; font-size: 14px; color: rgb(51, 51, 51); font-family: 宋体; white-space: normal; background-color: rgb(255, 255, 255); text-indent: 2em;\">研讨报告内容包括以下两个方面：</p><p style=\"margin-top: 0px; margin-bottom: 6px; padding: 0px; line-height: 2; font-size: 14px; color: rgb(51, 51, 51); font-family: 宋体; white-space: normal; background-color: rgb(255, 255, 255); text-indent: 2em;\">一是认真贯彻党的十八届六中全会精神，全面落实从严治党要求，对于实现省十一次党代会和校第五次党代会确定的目标任务的重要性认识。</p><p style=\"margin-top: 0px; margin-bottom: 6px; padding: 0px; line-height: 2; font-size: 14px; color: rgb(51, 51, 51); font-family: 宋体; white-space: normal; background-color: rgb(255, 255, 255); text-indent: 2em;\">二是与《关于新形势下党内政治生活的若干准则》和《中国共产党党内监督条例》对照，本单位党建工作存在的差距、改进工作的基本思路和办法、以及需要校党委层面统一研究解决的问题。</p><p style=\"margin-top: 0px; margin-bottom: 6px; padding: 0px; line-height: 2; font-size: 14px; color: rgb(51, 51, 51); font-family: 宋体; white-space: normal; background-color: rgb(255, 255, 255);\"><br/></p><p style=\"margin-top: 0px; margin-bottom: 6px; padding: 0px; line-height: 2; font-size: 14px; color: rgb(51, 51, 51); font-family: 宋体; white-space: normal; background-color: rgb(255, 255, 255); text-align: right;\">党委宣传部</p><p style=\"margin-top: 0px; margin-bottom: 6px; padding: 0px; line-height: 2; font-size: 14px; color: rgb(51, 51, 51); font-family: 宋体; white-space: normal; background-color: rgb(255, 255, 255); text-align: right;\">2016年11月28日</p><p><br/></p>', '0', '2016-11-30', '1', null, null, null, null), ('82', '马克思主义学院学术报告通知', '<p style=\"font-family: 微软雅黑; font-size: 14px; white-space: normal; background-color: rgb(255, 255, 255); text-indent: 2em;\">报告时间：2016年11月30日，下午2:30分</p><p style=\"font-family: 微软雅黑; font-size: 14px; white-space: normal; background-color: rgb(255, 255, 255); text-indent: 2em;\">报告地点：实验大楼四层，学院会议室</p><p style=\"font-family: 微软雅黑; font-size: 14px; white-space: normal; background-color: rgb(255, 255, 255); text-indent: 2em;\">报告题目：赵民胜《如何讲好高校思想政治理论课》</p><p style=\"font-family: 微软雅黑; font-size: 14px; white-space: normal; background-color: rgb(255, 255, 255); text-indent: 2em;\">赵跃先《如何提高思政课教师的科研水平》</p><p style=\"font-family: 微软雅黑; font-size: 14px; white-space: normal; background-color: rgb(255, 255, 255); text-indent: 2em;\">报告人介绍：</p><p style=\"font-family: 微软雅黑; font-size: 14px; white-space: normal; background-color: rgb(255, 255, 255); text-indent: 2em;\">赵民胜，男，山西临猗县人，现任太原科技大学马克思主义学院院长、教授、硕士生导师。山西省“131领军人才工程”专家，山西高校思想政治理论课教学指导委员会委员，并担任“思想道德修养与法律基础”学科组组长。</p><p style=\"font-family: 微软雅黑; font-size: 14px; white-space: normal; background-color: rgb(255, 255, 255); text-indent: 2em;\">赵跃先，山西师范大学马克思主义学院党委书记、院长、教授、法学博士、硕士生导师。长期从事思想政治教育教学、研究工作，多年来主要从事《毛泽东思想和中国特色社会主义理论体系概论》、《形势与政策》、《教师职业道德》等本科生专业课和公共课的教学工作。</p><p><br/></p>', '0', '2016-11-30', '1', null, null, null, null), ('83', '关于举办学习党的十八届六中全会和省第十一次党代会精神培训班的通知', '<p style=\"margin-top: 0px; margin-bottom: 6px; padding: 0px; line-height: 2; font-size: 14px; color: rgb(51, 51, 51); font-family: 宋体; white-space: normal; background-color: rgb(255, 255, 255);\">各基层党委、党总支、直属党支部：</p><p style=\"margin-top: 0px; margin-bottom: 6px; padding: 0px; line-height: 2; font-size: 14px; color: rgb(51, 51, 51); font-family: 宋体; white-space: normal; background-color: rgb(255, 255, 255); text-indent: 2em;\">根据校党委《关于学习贯彻党的十八届六中全会和山西省第十一次党代会精神的通知》安排，现将举办“学习党的十八届六中全会和省第十一次党代会精神培训班”的有关事宜通知如下，请按要求组织所属人员按时参加培训。</p><p style=\"margin-top: 0px; margin-bottom: 6px; padding: 0px; line-height: 2; font-size: 14px; color: rgb(51, 51, 51); font-family: 宋体; white-space: normal; background-color: rgb(255, 255, 255); text-indent: 2em;\">一、培训时间：</p><p style=\"margin-top: 0px; margin-bottom: 6px; padding: 0px; line-height: 2; font-size: 14px; color: rgb(51, 51, 51); font-family: 宋体; white-space: normal; background-color: rgb(255, 255, 255); text-indent: 2em;\">2016年11月29日—12月1日每天下午2:30开始。</p><p style=\"margin-top: 0px; margin-bottom: 6px; padding: 0px; line-height: 2; font-size: 14px; color: rgb(51, 51, 51); font-family: 宋体; white-space: normal; background-color: rgb(255, 255, 255); text-indent: 2em;\">二、培训地点：</p><p style=\"margin-top: 0px; margin-bottom: 6px; padding: 0px; line-height: 2; font-size: 14px; color: rgb(51, 51, 51); font-family: 宋体; white-space: normal; background-color: rgb(255, 255, 255); text-indent: 2em;\">图书馆学术报告厅。</p><p style=\"margin-top: 0px; margin-bottom: 6px; padding: 0px; line-height: 2; font-size: 14px; color: rgb(51, 51, 51); font-family: 宋体; white-space: normal; background-color: rgb(255, 255, 255); text-indent: 2em;\">三、培训对象：</p><p style=\"margin-top: 0px; margin-bottom: 6px; padding: 0px; line-height: 2; font-size: 14px; color: rgb(51, 51, 51); font-family: 宋体; white-space: normal; background-color: rgb(255, 255, 255); text-indent: 2em;\">全校副科（包括副科）以上干部、政治辅导员、马克思主义学院教师。</p><p style=\"margin-top: 0px; margin-bottom: 6px; padding: 0px; line-height: 2; font-size: 14px; color: rgb(51, 51, 51); font-family: 宋体; white-space: normal; background-color: rgb(255, 255, 255); text-indent: 2em;\">四、培训形式及内容：</p><p style=\"margin-top: 0px; margin-bottom: 6px; padding: 0px; line-height: 2; font-size: 14px; color: rgb(51, 51, 51); font-family: 宋体; white-space: normal; background-color: rgb(255, 255, 255); text-indent: 2em;\"><strong style=\"margin: 0px; padding: 0px;\">1.</strong><strong style=\"margin: 0px; padding: 0px;\">视频报告：</strong></p><p style=\"margin-top: 0px; margin-bottom: 6px; padding: 0px; line-height: 2; font-size: 14px; color: rgb(51, 51, 51); font-family: 宋体; white-space: normal; background-color: rgb(255, 255, 255); text-indent: 2em;\">题目：谱写全面从严治党新篇章（时长：71’）</p><p style=\"margin-top: 0px; margin-bottom: 6px; padding: 0px; line-height: 2; font-size: 14px; color: rgb(51, 51, 51); font-family: 宋体; white-space: normal; background-color: rgb(255, 255, 255); text-indent: 2em;\">报告人：<a href=\"http://www.71.cn/\" target=\"http://www.71.cn/2016/1111/_blank\" style=\"margin: 0px; padding: 0px; color: rgb(68, 68, 68); text-decoration: none;\"></a>唐爱军（中央党校马克思主义学院哲学博士）</p><p style=\"margin-top: 0px; margin-bottom: 6px; padding: 0px; line-height: 2; font-size: 14px; color: rgb(51, 51, 51); font-family: 宋体; white-space: normal; background-color: rgb(255, 255, 255); text-indent: 2em;\"><strong style=\"margin: 0px; padding: 0px;\">2.</strong><strong style=\"margin: 0px; padding: 0px;\">视频报告：</strong></p><p style=\"margin-top: 0px; margin-bottom: 6px; padding: 0px; line-height: 2; font-size: 14px; color: rgb(51, 51, 51); font-family: 宋体; white-space: normal; background-color: rgb(255, 255, 255); text-indent: 2em;\">题目：《中国共产党党内监督条例》解读（时长：100’）</p><p style=\"margin-top: 0px; margin-bottom: 6px; padding: 0px; line-height: 2; font-size: 14px; color: rgb(51, 51, 51); font-family: 宋体; white-space: normal; background-color: rgb(255, 255, 255); text-indent: 2em;\">报告人：刘春（中共中央党校教授、博士生导师）</p><p style=\"margin-top: 0px; margin-bottom: 6px; padding: 0px; line-height: 2; font-size: 14px; color: rgb(51, 51, 51); font-family: 宋体; white-space: normal; background-color: rgb(255, 255, 255); text-indent: 2em;\"><strong style=\"margin: 0px; padding: 0px;\">3.</strong><strong style=\"margin: 0px; padding: 0px;\">现场报告：</strong></p><p style=\"margin-top: 0px; margin-bottom: 6px; padding: 0px; line-height: 2; font-size: 14px; color: rgb(51, 51, 51); font-family: 宋体; white-space: normal; background-color: rgb(255, 255, 255); text-indent: 2em;\">题目：贯彻省第十一次党代会精神，促进山西深化改革与转型发展</p><p style=\"margin-top: 0px; margin-bottom: 6px; padding: 0px; line-height: 2; font-size: 14px; color: rgb(51, 51, 51); font-family: 宋体; white-space: normal; background-color: rgb(255, 255, 255); text-indent: 2em;\">报告人：郑延涛（省委党校省情研究所所长、教授）</p><p style=\"margin-top: 0px; margin-bottom: 6px; padding: 0px; line-height: 2; font-size: 14px; color: rgb(51, 51, 51); font-family: 宋体; white-space: normal; background-color: rgb(255, 255, 255); text-indent: 2em;\">五、培训要求：</p><p style=\"margin-top: 0px; margin-bottom: 6px; padding: 0px; line-height: 2; font-size: 14px; color: rgb(51, 51, 51); font-family: 宋体; white-space: normal; background-color: rgb(255, 255, 255); text-indent: 2em;\">1.培训期间严格考勤制度。个人因事不能参加，要按学校有关制度例行请假手续。</p><p style=\"margin-top: 0px; margin-bottom: 6px; padding: 0px; line-height: 2; font-size: 14px; color: rgb(51, 51, 51); font-family: 宋体; white-space: normal; background-color: rgb(255, 255, 255); text-indent: 2em;\">缺课人员要由各基层党委（党总支、直属党支部）组织集中补课。各基层党委（党总支、直属党支部），请于12月1日下午将缺课人员名单和其缺课内容统一向党委宣传部报备，并于12月11日前完成补课工作。补课结束，党委宣传部抽查补课会议记录和补课人学习笔记。</p><p style=\"margin-top: 0px; margin-bottom: 6px; padding: 0px; line-height: 2; font-size: 14px; color: rgb(51, 51, 51); font-family: 宋体; white-space: normal; background-color: rgb(255, 255, 255); text-indent: 2em;\">2.组织一次专题研讨。培训结束后，各基层党委（党总支、直属党支部）要结合本单位党建工作和事业发展的实际，组织一次中心组学习专题研讨会，并于12月31日前，将研讨形成的共识，连同各基层党组织本次组织学习情况，一并报党委办公室。</p><p style=\"margin-top: 0px; margin-bottom: 6px; padding: 0px; line-height: 2; font-size: 14px; color: rgb(51, 51, 51); font-family: 宋体; white-space: normal; background-color: rgb(255, 255, 255); text-indent: 2em;\">研讨报告内容包括以下两个方面：</p><p style=\"margin-top: 0px; margin-bottom: 6px; padding: 0px; line-height: 2; font-size: 14px; color: rgb(51, 51, 51); font-family: 宋体; white-space: normal; background-color: rgb(255, 255, 255); text-indent: 2em;\">一是认真贯彻党的十八届六中全会精神，全面落实从严治党要求，对于实现省十一次党代会和校第五次党代会确定的目标任务的重要性认识。</p><p style=\"margin-top: 0px; margin-bottom: 6px; padding: 0px; line-height: 2; font-size: 14px; color: rgb(51, 51, 51); font-family: 宋体; white-space: normal; background-color: rgb(255, 255, 255); text-indent: 2em;\">二是与《关于新形势下党内政治生活的若干准则》和《中国共产党党内监督条例》对照，本单位党建工作存在的差距、改进工作的基本思路和办法、以及需要校党委层面统一研究解决的问题。</p><p style=\"margin-top: 0px; margin-bottom: 6px; padding: 0px; line-height: 2; font-size: 14px; color: rgb(51, 51, 51); font-family: 宋体; white-space: normal; background-color: rgb(255, 255, 255); text-align: right;\">党委宣传部</p><p style=\"margin-top: 0px; margin-bottom: 6px; padding: 0px; line-height: 2; font-size: 14px; color: rgb(51, 51, 51); font-family: 宋体; white-space: normal; background-color: rgb(255, 255, 255); text-align: right;\">2016年11月28日</p><p><br/></p>', '0', '2016-11-30', '1', null, null, null, null), ('84', '关于开展推荐2016年省三八红旗手(集体)候选人及城乡妇女岗位建功先进集体（个人）工作的通知', '<p style=\"margin-top: 0px; margin-bottom: 6px; padding: 0px; line-height: 2; font-size: 14px; color: rgb(51, 51, 51); font-family: 宋体; white-space: normal; background-color: rgb(255, 255, 255);\">全校各单位：</p><p style=\"margin-top: 0px; margin-bottom: 6px; padding: 0px; line-height: 2; font-size: 14px; color: rgb(51, 51, 51); font-family: 宋体; white-space: normal; background-color: rgb(255, 255, 255);\">根据省教育厅工作通知，现将我校推荐相关事宜安排如下：</p><p style=\"margin-top: 0px; margin-bottom: 6px; padding: 0px; line-height: 2; font-size: 14px; color: rgb(51, 51, 51); font-family: 宋体; white-space: normal; background-color: rgb(255, 255, 255);\">一、评审条件</p><p style=\"margin-top: 0px; margin-bottom: 6px; padding: 0px; line-height: 2; font-size: 14px; color: rgb(51, 51, 51); font-family: 宋体; white-space: normal; background-color: rgb(255, 255, 255);\">按照省人社厅、省妇联《关于开展山西省三八红旗手（集体）和山西省城乡妇女岗位建功先进集体（个人）评选表彰活动的通知》文件要求执行（具体条件见通知文件）。</p><p style=\"margin-top: 0px; margin-bottom: 6px; padding: 0px; line-height: 2; font-size: 14px; color: rgb(51, 51, 51); font-family: 宋体; white-space: normal; background-color: rgb(255, 255, 255);\">二、请各单位依据推荐条件在全校范围内推荐符合条件的候选人或集体1个。</p><p style=\"margin-top: 0px; margin-bottom: 6px; padding: 0px; line-height: 2; font-size: 14px; color: rgb(51, 51, 51); font-family: 宋体; white-space: normal; background-color: rgb(255, 255, 255);\">三、请各单位于11月29日上午12点前将推荐意见、个人或集体申报材料按文件要求（一式三份）报送校人事处，电子版发送至校人事处邮箱：<a href=\"mailto:sxndrsc@126.com\" style=\"margin: 0px; padding: 0px; color: rgb(68, 68, 68); text-decoration: none;\">sxndrsc@126.com</a>。</p><p style=\"margin-top: 0px; margin-bottom: 6px; padding: 0px; line-height: 2; font-size: 14px; color: rgb(51, 51, 51); font-family: 宋体; white-space: normal; background-color: rgb(255, 255, 255);\"><br/></p><p style=\"margin-top: 0px; margin-bottom: 6px; padding: 0px; line-height: 2; font-size: 14px; color: rgb(51, 51, 51); font-family: 宋体; white-space: normal; background-color: rgb(255, 255, 255);\">&nbsp;</p><p style=\"margin-top: 0px; margin-bottom: 6px; padding: 0px; line-height: 2; font-size: 14px; color: rgb(51, 51, 51); font-family: 宋体; white-space: normal; background-color: rgb(255, 255, 255); text-align: right;\">&nbsp;</p><p style=\"margin-top: 0px; margin-bottom: 6px; padding: 0px; line-height: 2; font-size: 14px; color: rgb(51, 51, 51); font-family: 宋体; white-space: normal; background-color: rgb(255, 255, 255); text-align: right;\">&nbsp;</p><p style=\"margin-top: 0px; margin-bottom: 6px; padding: 0px; line-height: 2; font-size: 14px; color: rgb(51, 51, 51); font-family: 宋体; white-space: normal; background-color: rgb(255, 255, 255); text-align: right;\">人事处</p><p style=\"margin-top: 0px; margin-bottom: 6px; padding: 0px; line-height: 2; font-size: 14px; color: rgb(51, 51, 51); font-family: 宋体; white-space: normal; background-color: rgb(255, 255, 255); text-align: right;\">2016年11月28日</p><p><br/></p>', '0', '2016-11-30', '1', null, null, null, null), ('87', '校长致辞', '<p>校长致辞同志们好</p>', '0', '2016-11-30', '7', null, null, null, null), ('88', '学校简介', '<p>学校简介我是学校简介</p><p><br/></p>', '0', '2016-11-30', '9', null, null, null, null), ('90', '测试社会服务', '<p>测试学科建设</p>', '0', '2016-11-30', '17', null, null, null, null), ('91', '测试学科建设', '<p>测试学科建设</p>', '0', '2016-11-30', '16', null, null, null, null), ('92', '测试交流合作', '<p>测试交流合作</p>', '0', '2016-11-30', '18', null, null, null, null), ('93', '测试招就招聘', '<p>测试招就招聘</p>', '0', '2016-11-30', '19', null, null, null, null), ('94', '测试sql语句', '<p>测试sql语句</p>', '0', '2016-11-30', '3', null, null, null, null), ('95', 'test通知宫傲', '<p>test通知宫傲</p>', '0', '2016-11-30', '1', null, null, null, null);
COMMIT;

-- ----------------------------
--  Table structure for `video`
-- ----------------------------
DROP TABLE IF EXISTS `video`;
CREATE TABLE `video` (
  `id` int(10) NOT NULL AUTO_INCREMENT,
  `v_link` varchar(100) NOT NULL,
  `v_type` varchar(50) DEFAULT NULL,
  `v_des` varchar(100) NOT NULL,
  `v_date` date NOT NULL,
  `v_read` int(10) NOT NULL,
  PRIMARY KEY (`id`)
) ENGINE=InnoDB AUTO_INCREMENT=11 DEFAULT CHARSET=utf8;

-- ----------------------------
--  Records of `video`
-- ----------------------------
BEGIN;
INSERT INTO `video` VALUES ('10', 'http://localhost:8080/background/school_video_add.jsp', null, '好视频', '2016-11-22', '0');
COMMIT;

SET FOREIGN_KEY_CHECKS = 1;
